{
  "project_info": {
    "project_number": "731168350411",
    "project_id": "recipeapp-3fd68",
    "storage_bucket": "recipeapp-3fd68.appspot.com"
  },
  "client": [
    {
      "client_info": {
        "mobilesdk_app_id": "1:731168350411:android:ad7447fc9005b94e49bb4e",
        "android_client_info": {
          "package_name": "com.example.myapplication"
        }
      },
      "oauth_client": [],
      "api_key": [
        {
          "current_key": "AIzaSyBIewjH8ZEWnGMPU7BXf3Bm-AUmSjtNngw"
        }
      ],
      "services": {
        "appinvite_service": {
          "other_platform_oauth_client": []
        }
      }
    }
  ],
  "configuration_version": "1"
}